{"eval/velocity_each_step_6":-16.53533363342285,"eval/total_reward_each_step_2":159249.984375,"eval/velocity_each_step_1":26.362703323364258,"eval/position_each_step_3":35.32661056518555,"eval/action_each_step_2":2.868826150894165,"_wandb":{"runtime":1233},"losses/clipfrac":0.0039916993118822575,"eval/action_each_step_6":0,"eval/action_each_step_4":1.6754196882247925,"eval/action_each_step_3":1.2954869270324707,"charts/SPS":411,"eval/velocity_each_step_5":-18.702987670898438,"losses/value_loss":0.0036690346896648407,"eval/action_each_step_5":0,"eval/action_each_step_1":2.3063390254974365,"eval/velocity_each_step_3":4.156888961791992,"eval/total_reward_each_step_6":476418.40625,"eval/position_each_step_2":27.591609954833984,"eval/episodic_return":476418.46875,"_step":13224,"charts/episodic_length":300,"eval/velocity_each_step_2":9.800837516784668,"eval/total_reward_each_step_5":387308.875,"losses/policy_loss":-0.0020313188433647156,"eval/total_reward_each_step_1":60397.390625,"losses/old_approx_kl":0.0027171610854566097,"global_step":5,"_runtime":1233.1268306,"charts/learning_rate":1.639344191062264e-05,"eval/velocity_each_step_4":5.101627349853516,"losses/entropy":0.6240659952163696,"losses/explained_variance":0.8860898017883301,"eval/position_each_step_5":47.17646026611328,"eval/total_reward_each_step_4":336625.84375,"eval/position_each_step_4":41.92658996582031,"charts/episodic_return":-390594.59375,"eval/position_each_step_1":18.00762939453125,"_timestamp":1.7266933517553098e+09,"eval/total_reward_each_step_3":216627.65625,"losses/approx_kl":0.0027955533005297184,"eval/position_each_step_6":50.203800201416016}