{"charts/learning_rate":1.639344191062264e-05,"_timestamp":1.7266095142318554e+09,"losses/explained_variance":0.8860898017883301,"losses/clipfrac":0.0039916993118822575,"losses/policy_loss":-0.0020313188433647156,"_runtime":1240.6156252,"charts/SPS":403,"charts/episodic_return":-390594.59375,"charts/episodic_length":300,"losses/entropy":0.6240659952163696,"losses/value_loss":0.0036690346896648407,"global_step":499712,"_wandb":{"runtime":1240},"losses/old_approx_kl":0.0027171610854566097,"losses/approx_kl":0.0027955533005297184,"_step":5995}